,account_id,account_owner,amount,authorized_date,category,category_id,date,iso_currency_code,location,merchant_name,name,payment_channel,payment_meta,pending,pending_transaction_id,transaction_code,transaction_id,transaction_type,unofficial_currency_code
0,Ak0kqX4z9qsqB5pnaQd6fwQEJ9xnYYU6qOaa6,,657.48,,"['Service', 'Insurance']",18030000,2020-11-06,USD,"{'address': None, 'city': None, 'country': None, 'lat': None, 'lon': None, 'postal_code': None, 'region': None, 'store_number': None}",GEICO,GEICO,online,"{'by_order_of': None, 'payee': None, 'payer': None, 'payment_method': None, 'payment_processor': None, 'ppd_id': None, 'reason': None, 'reference_number': None}",False,,,Vg8g7pYzP7s7V4dXkx1EId5XkVwwa8Ir34pVX,special,
1,Ak0kqX4z9qsqB5pnaQd6fwQEJ9xnYYU6qOaa6,,925.0,,"['Transfer', 'Withdrawal', 'Check']",21012001,2020-11-03,USD,"{'address': None, 'city': None, 'country': None, 'lat': None, 'lon': None, 'postal_code': None, 'region': None, 'store_number': None}",,CHECK # 1055,other,"{'by_order_of': None, 'payee': None, 'payer': None, 'payment_method': None, 'payment_processor': None, 'ppd_id': None, 'reason': None, 'reference_number': None}",False,,,XgagVpYzkVsV4OM8v79YsgvX3vZeAPi4p3OPB,special,
2,Ak0kqX4z9qsqB5pnaQd6fwQEJ9xnYYU6qOaa6,,26.55,,"['Shops', 'Food and Beverage Store']",19025000,2020-11-03,USD,"{'address': None, 'city': None, 'country': None, 'lat': None, 'lon': None, 'postal_code': None, 'region': None, 'store_number': None}",Country Bakery,Kohnen's Country Bakery,in store,"{'by_order_of': None, 'payee': None, 'payer': None, 'payment_method': None, 'payment_processor': None, 'ppd_id': None, 'reason': None, 'reference_number': None}",False,,,MgRgapVzjasa87J5LnjKUqZDYPdDxKsM1rPYE,place,
3,Ak0kqX4z9qsqB5pnaQd6fwQEJ9xnYYU6qOaa6,,9.99,,['Service'],18000000,2020-11-03,USD,"{'address': None, 'city': None, 'country': None, 'lat': None, 'lon': None, 'postal_code': None, 'region': None, 'store_number': None}",,Payment to Youtube Premium,other,"{'by_order_of': None, 'payee': None, 'payer': None, 'payment_method': None, 'payment_processor': None, 'ppd_id': None, 'reason': None, 'reference_number': None}",False,,,prprvbwkXvfLx5dE84kXHw5b95E6Z8tJV97QR,place,
5,Ak0kqX4z9qsqB5pnaQd6fwQEJ9xnYYU6qOaa6,,79.99,,"['Service', 'Cable']",18009000,2020-11-02,USD,"{'address': None, 'city': None, 'country': None, 'lat': None, 'lon': None, 'postal_code': None, 'region': None, 'store_number': None}",Spectrum,Payment to Spectrum,in store,"{'by_order_of': None, 'payee': None, 'payer': None, 'payment_method': None, 'payment_processor': None, 'ppd_id': None, 'reason': None, 'reference_number': None}",False,,,OEXEJpYz7JuJEon5gr0VhPmqNQrQY3H8EKOgj,special,
6,Ak0kqX4z9qsqB5pnaQd6fwQEJ9xnYYU6qOaa6,,1419.81,,"['Transfer', 'Debit']",21006000,2020-11-02,USD,"{'address': None, 'city': None, 'country': None, 'lat': None, 'lon': None, 'postal_code': None, 'region': None, 'store_number': None}",,To Share 0001,other,"{'by_order_of': None, 'payee': None, 'payer': None, 'payment_method': None, 'payment_processor': None, 'ppd_id': None, 'reason': None, 'reference_number': None}",False,,,Vg8g7pYzP7s7V4dXkx1bU0xoBmLm3EtrgNMj1,special,
8,Ak0kqX4z9qsqB5pnaQd6fwQEJ9xnYYU6qOaa6,,400.0,,"['Transfer', 'Debit']",21006000,2020-11-01,USD,"{'address': None, 'city': None, 'country': None, 'lat': None, 'lon': None, 'postal_code': None, 'region': None, 'store_number': None}",,To Share 0001,other,"{'by_order_of': None, 'payee': None, 'payer': None, 'payment_method': None, 'payment_processor': None, 'ppd_id': None, 'reason': None, 'reference_number': None}",False,,,6wDwnXqpQnCMAVY0EO5XhP8Kzr6oEjCae6NRn,special,
9,Ak0kqX4z9qsqB5pnaQd6fwQEJ9xnYYU6qOaa6,,5.0,,['Bank Fees'],10000000,2020-10-31,USD,"{'address': None, 'city': None, 'country': None, 'lat': None, 'lon': None, 'postal_code': None, 'region': None, 'store_number': None}",,SERVICE CHARGE,other,"{'by_order_of': None, 'payee': None, 'payer': None, 'payment_method': None, 'payment_processor': None, 'ppd_id': None, 'reason': None, 'reference_number': None}",False,,,LMRM4N9zn4C4RVqn9JKoCVYK7Bgaydf0LYBgn,special,
10,Ak0kqX4z9qsqB5pnaQd6fwQEJ9xnYYU6qOaa6,,-387.9,,"['Transfer', 'Credit']",21005000,2020-10-31,USD,"{'address': None, 'city': None, 'country': None, 'lat': None, 'lon': None, 'postal_code': None, 'region': None, 'store_number': None}",,XX0000 TYPE: FED PAYMNT CO: XX0000 ACH ECC,other,"{'by_order_of': None, 'payee': None, 'payer': None, 'payment_method': 'ACH', 'payment_processor': None, 'ppd_id': None, 'reason': None, 'reference_number': None}",False,,,D0R0ypJzDyFy4PKxYgLvsmPJDRVnZNUZNoRby,special,
11,Ak0kqX4z9qsqB5pnaQd6fwQEJ9xnYYU6qOaa6,,-2496.4,,"['Transfer', 'Payroll']",21009000,2020-10-30,USD,"{'address': None, 'city': None, 'country': None, 'lat': None, 'lon': None, 'postal_code': None, 'region': None, 'store_number': None}",,Salary/Regular Income from DFAS,other,"{'by_order_of': None, 'payee': None, 'payer': None, 'payment_method': None, 'payment_processor': None, 'ppd_id': None, 'reason': None, 'reference_number': None}",False,,,1rJrOX6pxOfX8ZYyPEaQF7dZPX9w0KUmV1gN1,special,
12,Ak0kqX4z9qsqB5pnaQd6fwQEJ9xnYYU6qOaa6,,18.58,,"['Transfer', 'Third Party', 'PayPal']",21010004,2020-10-29,USD,"{'address': None, 'city': None, 'country': None, 'lat': None, 'lon': None, 'postal_code': None, 'region': None, 'store_number': None}",,Transfer to PayPal,other,"{'by_order_of': None, 'payee': None, 'payer': None, 'payment_method': None, 'payment_processor': None, 'ppd_id': None, 'reason': None, 'reference_number': None}",False,,,PgRg8pYzq8s8p7RXPq0eiEdqBAMbPkCmyMAPw,special,
13,Ak0kqX4z9qsqB5pnaQd6fwQEJ9xnYYU6qOaa6,,11.9,,"['Shops', 'Digital Purchase']",19019000,2020-10-28,USD,"{'address': None, 'city': None, 'country': None, 'lat': None, 'lon': None, 'postal_code': None, 'region': None, 'store_number': None}",Amazon,Amazon,online,"{'by_order_of': None, 'payee': None, 'payer': None, 'payment_method': None, 'payment_processor': None, 'ppd_id': None, 'reason': None, 'reference_number': None}",False,,,q4p40b6A90HLx5jRpE1vIvMzyJ3owEHJjaEpJ,digital,
14,Ak0kqX4z9qsqB5pnaQd6fwQEJ9xnYYU6qOaa6,,32.99,,"['Transfer', 'Third Party', 'PayPal']",21010004,2020-10-26,USD,"{'address': None, 'city': None, 'country': None, 'lat': None, 'lon': None, 'postal_code': None, 'region': None, 'store_number': None}",,Transfer to PayPal,other,"{'by_order_of': None, 'payee': None, 'payer': None, 'payment_method': None, 'payment_processor': None, 'ppd_id': None, 'reason': None, 'reference_number': None}",False,,,BAjABXaz0BsBY7kvyzwQU43L07O6v9I9Dx7E3,special,
15,Ak0kqX4z9qsqB5pnaQd6fwQEJ9xnYYU6qOaa6,,22.04,,"['Food and Drink', 'Restaurants']",13005000,2020-10-25,USD,"{'address': None, 'city': None, 'country': None, 'lat': None, 'lon': None, 'postal_code': None, 'region': None, 'store_number': None}",Subway,Subway,in store,"{'by_order_of': None, 'payee': None, 'payer': None, 'payment_method': None, 'payment_processor': None, 'ppd_id': None, 'reason': None, 'reference_number': None}",False,,,3awaEXDpzESoM0YnLmJbS10keDxagAFKveAyP,place,
16,Ak0kqX4z9qsqB5pnaQd6fwQEJ9xnYYU6qOaa6,,8.65,,"['Shops', 'Digital Purchase']",19019000,2020-10-24,USD,"{'address': None, 'city': None, 'country': None, 'lat': None, 'lon': None, 'postal_code': None, 'region': None, 'store_number': None}",Amazon,Amazon,online,"{'by_order_of': None, 'payee': None, 'payer': None, 'payment_method': None, 'payment_processor': None, 'ppd_id': None, 'reason': None, 'reference_number': None}",False,,,y1p1ZbyJVZTwkK9nRN1xhqMK8OaREzcOzLgZg,digital,
17,Ak0kqX4z9qsqB5pnaQd6fwQEJ9xnYYU6qOaa6,,31.01,,"['Food and Drink', 'Restaurants']",13005000,2020-10-24,USD,"{'address': None, 'city': None, 'country': None, 'lat': None, 'lon': None, 'postal_code': None, 'region': None, 'store_number': None}",El Patron,El Patron Bar And Grill,in store,"{'by_order_of': None, 'payee': None, 'payer': None, 'payment_method': None, 'payment_processor': None, 'ppd_id': None, 'reason': None, 'reference_number': None}",False,,,KgNgrY7zKrsr07vAweygSAJ5RmD4EPcQVZmw1,place,
18,Ak0kqX4z9qsqB5pnaQd6fwQEJ9xnYYU6qOaa6,,12.36,,"['Food and Drink', 'Restaurants']",13005000,2020-10-20,USD,"{'address': None, 'city': None, 'country': None, 'lat': None, 'lon': None, 'postal_code': None, 'region': None, 'store_number': None}",Subway,Subway,in store,"{'by_order_of': None, 'payee': None, 'payer': None, 'payment_method': None, 'payment_processor': None, 'ppd_id': None, 'reason': None, 'reference_number': None}",False,,,kkpk3OYqo3spB1kbKy0dSPZqvRnbOKCRP4vOp,place,
19,Ak0kqX4z9qsqB5pnaQd6fwQEJ9xnYYU6qOaa6,,5.25,,"['Transfer', 'Debit']",21006000,2020-10-20,USD,"{'address': None, 'city': 'Seattle', 'country': None, 'lat': None, 'lon': None, 'postal_code': None, 'region': 'WA', 'store_number': None}",,XX25 7 TH AVE-L SEATTLE WA Date XX 7523 Card 17 #8750,other,"{'by_order_of': None, 'payee': None, 'payer': None, 'payment_method': None, 'payment_processor': None, 'ppd_id': None, 'reason': None, 'reference_number': None}",False,,,jKpKBOzPaBckRDboV3LBizj7dDQvKEfRzVj6w,special,
20,Ak0kqX4z9qsqB5pnaQd6fwQEJ9xnYYU6qOaa6,,10.16,,"['Transfer', 'Debit']",21006000,2020-10-20,USD,"{'address': None, 'city': 'Seattle', 'country': None, 'lat': None, 'lon': None, 'postal_code': None, 'region': 'WA', 'store_number': None}",,XX25 7 TH AVE-L SEATTLE WA Date XX 7523 Card 17 #8750,other,"{'by_order_of': None, 'payee': None, 'payer': None, 'payment_method': None, 'payment_processor': None, 'ppd_id': None, 'reason': None, 'reference_number': None}",False,,,0jOjVXwpNVUjBEozR04kIqpzj6vOgYcr7Mvwo,special,
21,Ak0kqX4z9qsqB5pnaQd6fwQEJ9xnYYU6qOaa6,,10.16,,"['Transfer', 'Debit']",21006000,2020-10-20,USD,"{'address': None, 'city': 'Seattle', 'country': None, 'lat': None, 'lon': None, 'postal_code': None, 'region': 'WA', 'store_number': None}",,XX25 7 TH AVE-L SEATTLE WA Date XX 7523 Card 17 #8750,other,"{'by_order_of': None, 'payee': None, 'payer': None, 'payment_method': None, 'payment_processor': None, 'ppd_id': None, 'reason': None, 'reference_number': None}",False,,,v6p6xbq4ZxtzLakBoJp6CPM9gmnv5aCmyB04g,special,
22,Ak0kqX4z9qsqB5pnaQd6fwQEJ9xnYYU6qOaa6,,15.06,,"['Transfer', 'Debit']",21006000,2020-10-20,USD,"{'address': None, 'city': 'Seattle', 'country': None, 'lat': None, 'lon': None, 'postal_code': None, 'region': 'WA', 'store_number': None}",,XX25 7 TH AVE-L SEATTLE WA Date XX 7523 Card 17 #8750,other,"{'by_order_of': None, 'payee': None, 'payer': None, 'payment_method': None, 'payment_processor': None, 'ppd_id': None, 'reason': None, 'reference_number': None}",False,,,Ak0kqX4z9qsqB5pnaQdviqEpbnr9JQc6pknDB,special,
23,Ak0kqX4z9qsqB5pnaQd6fwQEJ9xnYYU6qOaa6,,20.49,,"['Food and Drink', 'Restaurants']",13005000,2020-10-19,USD,"{'address': None, 'city': None, 'country': None, 'lat': None, 'lon': None, 'postal_code': None, 'region': None, 'store_number': None}",Curry Palace,Indian Curry Palace,in store,"{'by_order_of': None, 'payee': None, 'payer': None, 'payment_method': None, 'payment_processor': None, 'ppd_id': None, 'reason': None, 'reference_number': None}",False,,,bLMLdpYzPdfBPD6w1oEkUeQBv9QdmPFqQAD3L,place,
24,Ak0kqX4z9qsqB5pnaQd6fwQEJ9xnYYU6qOaa6,,17.74,,"['Shops', 'Supermarkets and Groceries']",19047000,2020-10-19,USD,"{'address': None, 'city': None, 'country': None, 'lat': None, 'lon': None, 'postal_code': None, 'region': None, 'store_number': None}",Target,Target,in store,"{'by_order_of': None, 'payee': None, 'payer': None, 'payment_method': None, 'payment_processor': None, 'ppd_id': None, 'reason': None, 'reference_number': None}",False,,,rapajbLvBjSNdDEV3JrPtmM7RB08x9UB9JwRn,place,
25,Ak0kqX4z9qsqB5pnaQd6fwQEJ9xnYYU6qOaa6,,4.99,,"['Shops', 'Computers and Electronics']",19013000,2020-10-18,USD,"{'address': None, 'city': None, 'country': None, 'lat': None, 'lon': None, 'postal_code': None, 'region': None, 'store_number': None}",Microsoft,Microsoft,in store,"{'by_order_of': None, 'payee': None, 'payer': None, 'payment_method': None, 'payment_processor': None, 'ppd_id': None, 'reason': None, 'reference_number': None}",False,,,7616pXBeEptAowevgjpQigqrN3qbv5CQ9O5Xq,place,
26,Ak0kqX4z9qsqB5pnaQd6fwQEJ9xnYYU6qOaa6,,41.99,,"['Shops', 'Supermarkets and Groceries']",19047000,2020-10-18,USD,"{'address': None, 'city': None, 'country': None, 'lat': None, 'lon': None, 'postal_code': None, 'region': None, 'store_number': None}",Safeway,Safeway,in store,"{'by_order_of': None, 'payee': None, 'payer': None, 'payment_method': None, 'payment_processor': None, 'ppd_id': None, 'reason': None, 'reference_number': None}",False,,,gBaB1OYLK1FPkR3Nm6gwfnyEQJygYkCqpZKP9,place,
27,Ak0kqX4z9qsqB5pnaQd6fwQEJ9xnYYU6qOaa6,,9.83,,"['Travel', 'Gas Stations']",22009000,2020-10-16,USD,"{'address': None, 'city': None, 'country': None, 'lat': None, 'lon': None, 'postal_code': None, 'region': None, 'store_number': None}",Southern California Gas Company,Payment to Southern California Gas Company,in store,"{'by_order_of': None, 'payee': None, 'payer': None, 'payment_method': None, 'payment_processor': None, 'ppd_id': None, 'reason': None, 'reference_number': None}",False,,,9DqDNXypENfr4pYRPmg0SV6yJO6xKwHdMaxEV,place,
28,Ak0kqX4z9qsqB5pnaQd6fwQEJ9xnYYU6qOaa6,,-2128.25,,"['Transfer', 'Payroll']",21009000,2020-10-16,USD,"{'address': None, 'city': None, 'country': None, 'lat': None, 'lon': None, 'postal_code': None, 'region': None, 'store_number': None}",,Salary/Regular Income from DFAS,other,"{'by_order_of': None, 'payee': None, 'payer': None, 'payment_method': None, 'payment_processor': None, 'ppd_id': None, 'reason': None, 'reference_number': None}",False,,,OEXEJpYz7JuJEon5grvNC90L3408kat8AMgva,special,
29,Ak0kqX4z9qsqB5pnaQd6fwQEJ9xnYYU6qOaa6,,5.57,,"['Food and Drink', 'Restaurants', 'Fast Food']",13005032,2020-10-16,USD,"{'address': None, 'city': None, 'country': None, 'lat': None, 'lon': None, 'postal_code': None, 'region': None, 'store_number': None}",Taco Bell,Taco Bell,in store,"{'by_order_of': None, 'payee': None, 'payer': None, 'payment_method': None, 'payment_processor': None, 'ppd_id': None, 'reason': None, 'reference_number': None}",False,,,Vg8g7pYzP7s7V4dXkxJPSp1ZEk1r5DfrpQjgE,place,
30,Ak0kqX4z9qsqB5pnaQd6fwQEJ9xnYYU6qOaa6,,46.47,,"['Travel', 'Gas Stations']",22009000,2020-10-15,USD,"{'address': None, 'city': 'Bakersfield', 'country': None, 'lat': None, 'lon': None, 'postal_code': None, 'region': 'CA', 'store_number': None}",,#XX 933 FAIRFAX FAST 4800 F BAKERSFIELD CA Card 17 #8750,in store,"{'by_order_of': None, 'payee': None, 'payer': None, 'payment_method': None, 'payment_processor': None, 'ppd_id': None, 'reason': None, 'reference_number': None}",False,,,EjRjKp8zQKUKa5ANL0DZiXZjDEZvg8UpAwnb1,place,
31,Ak0kqX4z9qsqB5pnaQd6fwQEJ9xnYYU6qOaa6,,360.0,,"['Transfer', 'Withdrawal', 'Check']",21012001,2020-10-15,USD,"{'address': None, 'city': None, 'country': None, 'lat': None, 'lon': None, 'postal_code': None, 'region': None, 'store_number': None}",,CHECK # 1054,other,"{'by_order_of': None, 'payee': None, 'payer': None, 'payment_method': None, 'payment_processor': None, 'ppd_id': None, 'reason': None, 'reference_number': None}",False,,,MgRgapVzjasa87J5LnkvSzj4OPj5yXUMNQpag,special,
32,Ak0kqX4z9qsqB5pnaQd6fwQEJ9xnYYU6qOaa6,,30.41,,"['Food and Drink', 'Restaurants', 'Fast Food']",13005032,2020-10-14,USD,"{'address': None, 'city': None, 'country': None, 'lat': None, 'lon': None, 'postal_code': None, 'region': None, 'store_number': None}",Chipotle Mexican Grill,Chipotle Mexican Grill,in store,"{'by_order_of': None, 'payee': None, 'payer': None, 'payment_method': None, 'payment_processor': None, 'ppd_id': None, 'reason': None, 'reference_number': None}",False,,,n0p0kNYyqkF0vdqb4BrXSdewbBerXvtAx8pvK,place,
33,Ak0kqX4z9qsqB5pnaQd6fwQEJ9xnYYU6qOaa6,,0.04,,['Bank Fees'],10000000,2020-10-14,USD,"{'address': None, 'city': None, 'country': None, 'lat': None, 'lon': None, 'postal_code': None, 'region': None, 'store_number': None}",,Fee VISA INTERNATIONAL SERVICE ASSESSMENT Date Card 17 #8750,other,"{'by_order_of': None, 'payee': None, 'payer': None, 'payment_method': None, 'payment_processor': None, 'ppd_id': None, 'reason': None, 'reference_number': None}",False,,,RgRg5XYz35s5xEqMB4rzTjbgm1bKpkUyk8qmv,special,
34,Ak0kqX4z9qsqB5pnaQd6fwQEJ9xnYYU6qOaa6,,3.99,,"['Transfer', 'Third Party', 'PayPal']",21010004,2020-10-14,USD,"{'address': None, 'city': None, 'country': None, 'lat': None, 'lon': None, 'postal_code': None, 'region': None, 'store_number': None}",,Transfer to PayPal,other,"{'by_order_of': None, 'payee': None, 'payer': None, 'payment_method': None, 'payment_processor': None, 'ppd_id': None, 'reason': None, 'reference_number': None}",False,,,QgRgZpYzrZsZo7bBqOj9IaD3nJDEpmUEKk4qY,special,
35,Ak0kqX4z9qsqB5pnaQd6fwQEJ9xnYYU6qOaa6,,7.49,,"['Shops', 'Digital Purchase']",19019000,2020-10-12,USD,"{'address': None, 'city': None, 'country': None, 'lat': None, 'lon': None, 'postal_code': None, 'region': None, 'store_number': None}",Steam,Steam,online,"{'by_order_of': None, 'payee': None, 'payer': None, 'payment_method': None, 'payment_processor': None, 'ppd_id': None, 'reason': None, 'reference_number': None}",False,,,prprvbwkXvfLx5dE84ANInM5z3MkExCJdO4x0,digital,
36,Ak0kqX4z9qsqB5pnaQd6fwQEJ9xnYYU6qOaa6,,50.63,,"['Shops', 'Office Supplies']",19039000,2020-10-11,USD,"{'address': None, 'city': None, 'country': None, 'lat': None, 'lon': None, 'postal_code': None, 'region': None, 'store_number': None}",OfficeMax,OfficeMax,in store,"{'by_order_of': None, 'payee': None, 'payer': None, 'payment_method': None, 'payment_processor': None, 'ppd_id': None, 'reason': None, 'reference_number': None}",False,,,XgagVpYzkVsV4OM8v7ZwFj9vD69QZVU4V7aLJ,place,
37,Ak0kqX4z9qsqB5pnaQd6fwQEJ9xnYYU6qOaa6,,6.19,,"['Shops', 'Computers and Electronics', 'Video Games']",19013001,2020-10-11,USD,"{'address': None, 'city': None, 'country': None, 'lat': None, 'lon': None, 'postal_code': None, 'region': None, 'store_number': None}",Steamgames,Steamgames,in store,"{'by_order_of': None, 'payee': None, 'payer': None, 'payment_method': None, 'payment_processor': None, 'ppd_id': None, 'reason': None, 'reference_number': None}",False,,,NmRmxpOzZxIeLRkQgnADiEqN03qRK4SRXKL7X,place,
38,Ak0kqX4z9qsqB5pnaQd6fwQEJ9xnYYU6qOaa6,,15.7,,"['Food and Drink', 'Restaurants', 'Fast Food']",13005032,2020-10-10,USD,"{'address': None, 'city': None, 'country': None, 'lat': None, 'lon': None, 'postal_code': None, 'region': None, 'store_number': None}",Chipotle Mexican Grill,Chipotle Mexican Grill,in store,"{'by_order_of': None, 'payee': None, 'payer': None, 'payment_method': None, 'payment_processor': None, 'ppd_id': None, 'reason': None, 'reference_number': None}",False,,,ePaPLOYwoLf1gqMDBdXQc7Djx0DXZgfdDjbgV,place,
39,Ak0kqX4z9qsqB5pnaQd6fwQEJ9xnYYU6qOaa6,,41.01,,"['Travel', 'Gas Stations']",22009000,2020-10-09,USD,"{'address': None, 'city': 'Bakersfield', 'country': None, 'lat': None, 'lon': None, 'postal_code': None, 'region': 'CA', 'store_number': None}",,#XX 933 FAIRFAX FAST 4800 F BAKERSFIELD CA Card 17 #8750,in store,"{'by_order_of': None, 'payee': None, 'payer': None, 'payment_method': None, 'payment_processor': None, 'ppd_id': None, 'reason': None, 'reference_number': None}",False,,,Yg7gOeYzAOsAd79v0N5bi01Oq91QzZtQarqXB,place,
40,Ak0kqX4z9qsqB5pnaQd6fwQEJ9xnYYU6qOaa6,,9.38,,"['Shops', 'Digital Purchase']",19019000,2020-10-08,USD,"{'address': None, 'city': None, 'country': None, 'lat': None, 'lon': None, 'postal_code': None, 'region': None, 'store_number': None}",Amazon,Amazon,online,"{'by_order_of': None, 'payee': None, 'payer': None, 'payment_method': None, 'payment_processor': None, 'ppd_id': None, 'reason': None, 'reference_number': None}",False,,,mvpvKNY3mKConqd0kDyaS0p7aBpyzntM0dvnX,digital,
41,Ak0kqX4z9qsqB5pnaQd6fwQEJ9xnYYU6qOaa6,,29.39,,"['Food and Drink', 'Restaurants', 'Fast Food']",13005032,2020-10-08,USD,"{'address': None, 'city': None, 'country': None, 'lat': None, 'lon': None, 'postal_code': None, 'region': None, 'store_number': None}",Chipotle Mexican Grill,Chipotle Mexican Grill,in store,"{'by_order_of': None, 'payee': None, 'payer': None, 'payment_method': None, 'payment_processor': None, 'ppd_id': None, 'reason': None, 'reference_number': None}",False,,,zPdP5bK8g5f6kEOBZabzCj8gPv8bQkUOm4nDg,place,
42,Ak0kqX4z9qsqB5pnaQd6fwQEJ9xnYYU6qOaa6,,16.84,,"['Service', 'Utilities', 'Electric']",18068005,2020-10-07,USD,"{'address': None, 'city': None, 'country': None, 'lat': None, 'lon': None, 'postal_code': None, 'region': None, 'store_number': None}",,Payment to Southern California Edison,other,"{'by_order_of': None, 'payee': None, 'payer': None, 'payment_method': None, 'payment_processor': None, 'ppd_id': None, 'reason': None, 'reference_number': None}",False,,,wLpLJbBa5JfQLZNzoXvyhbM5NKMvrJtLEZvzb,special,
43,Ak0kqX4z9qsqB5pnaQd6fwQEJ9xnYYU6qOaa6,,37.88,,"['Shops', 'Supermarkets and Groceries']",19047000,2020-10-07,USD,"{'address': None, 'city': None, 'country': None, 'lat': None, 'lon': None, 'postal_code': None, 'region': None, 'store_number': None}",Target,Target,in store,"{'by_order_of': None, 'payee': None, 'payer': None, 'payment_method': None, 'payment_processor': None, 'ppd_id': None, 'reason': None, 'reference_number': None}",False,,,d1a16OYdo6TVgrLayxoeFJ49Do4d5gIbq9Q6Y,place,
44,Ak0kqX4z9qsqB5pnaQd6fwQEJ9xnYYU6qOaa6,,38.86,,"['Travel', 'Gas Stations']",22009000,2020-10-05,USD,"{'address': None, 'city': 'Bakersfield', 'country': None, 'lat': None, 'lon': None, 'postal_code': None, 'region': 'CA', 'store_number': None}",,#XX 933 FAIRFAX FAST 4800 F BAKERSFIELD CA Card 17 #8750,in store,"{'by_order_of': None, 'payee': None, 'payer': None, 'payment_method': None, 'payment_processor': None, 'ppd_id': None, 'reason': None, 'reference_number': None}",False,,,6wDwnXqpQnCMAVY0EO5XhP8Y5M8n1xUae6NzR,place,
45,Ak0kqX4z9qsqB5pnaQd6fwQEJ9xnYYU6qOaa6,,79.99,,"['Service', 'Cable']",18009000,2020-10-03,USD,"{'address': None, 'city': None, 'country': None, 'lat': None, 'lon': None, 'postal_code': None, 'region': None, 'store_number': None}",Spectrum,Payment to Spectrum,in store,"{'by_order_of': None, 'payee': None, 'payer': None, 'payment_method': None, 'payment_processor': None, 'ppd_id': None, 'reason': None, 'reference_number': None}",False,,,1rJrOX6pxOfX8ZYyPEaQF7dAnRdo4yfmV1g79,special,
46,Ak0kqX4z9qsqB5pnaQd6fwQEJ9xnYYU6qOaa6,,14.69,,"['Transfer', 'Third Party', 'PayPal']",21010004,2020-10-03,USD,"{'address': None, 'city': None, 'country': None, 'lat': None, 'lon': None, 'postal_code': None, 'region': None, 'store_number': None}",,Transfer to PayPal,other,"{'by_order_of': None, 'payee': None, 'payer': None, 'payment_method': None, 'payment_processor': None, 'ppd_id': None, 'reason': None, 'reference_number': None}",False,,,D0R0ypJzDyFy4PKxYgLvsmPjqgP3wXcZNoRLK,special,
47,Ak0kqX4z9qsqB5pnaQd6fwQEJ9xnYYU6qOaa6,,9.99,,['Service'],18000000,2020-10-03,USD,"{'address': None, 'city': None, 'country': None, 'lat': None, 'lon': None, 'postal_code': None, 'region': None, 'store_number': None}",,Youtube Premium,other,"{'by_order_of': None, 'payee': None, 'payer': None, 'payment_method': None, 'payment_processor': None, 'ppd_id': None, 'reason': None, 'reference_number': None}",False,,,LMRM4N9zn4C4RVqn9JKoCVYDz8Y0pLH0LYBOO,place,
48,Ak0kqX4z9qsqB5pnaQd6fwQEJ9xnYYU6qOaa6,,-2112.55,,,,2020-10-02,USD,"{'address': None, 'city': None, 'country': None, 'lat': None, 'lon': None, 'postal_code': None, 'region': None, 'store_number': None}",,Salary/Regular Income from DFAS,other,"{'by_order_of': None, 'payee': None, 'payer': None, 'payment_method': None, 'payment_processor': None, 'ppd_id': None, 'reason': None, 'reference_number': None}",False,,,kkpk3OYqo3spB1kbKy0dSPZoD1rpymHRO8OVy,unresolved,
49,Ak0kqX4z9qsqB5pnaQd6fwQEJ9xnYYU6qOaa6,,925.0,,"['Transfer', 'Withdrawal', 'Check']",21012001,2020-10-01,USD,"{'address': None, 'city': None, 'country': None, 'lat': None, 'lon': None, 'postal_code': None, 'region': None, 'store_number': None}",,CHECK # 1053,other,"{'by_order_of': None, 'payee': None, 'payer': None, 'payment_method': None, 'payment_processor': None, 'ppd_id': None, 'reason': None, 'reference_number': None}",False,,,Ak0kqX4z9qsqB5pnaQdviqE8AVKydaH6DLD1E,special,
51,Ak0kqX4z9qsqB5pnaQd6fwQEJ9xnYYU6qOaa6,,400.0,,,,2020-10-01,USD,"{'address': None, 'city': None, 'country': None, 'lat': None, 'lon': None, 'postal_code': None, 'region': None, 'store_number': None}",,To Share 0001,other,"{'by_order_of': None, 'payee': None, 'payer': None, 'payment_method': None, 'payment_processor': None, 'ppd_id': None, 'reason': None, 'reference_number': None}",False,,,v6p6xbq4ZxtzLakBoJp6CPMozwEqreHm4a416,unresolved,
52,Ak0kqX4z9qsqB5pnaQd6fwQEJ9xnYYU6qOaa6,,50.71,,,,2020-09-30,USD,"{'address': None, 'city': None, 'country': None, 'lat': None, 'lon': None, 'postal_code': None, 'region': None, 'store_number': None}",,#XX 933 FAIRFAX FAST 4800 F BAKERSFIELD CA Card 17 #8750,other,"{'by_order_of': None, 'payee': None, 'payer': None, 'payment_method': None, 'payment_processor': None, 'ppd_id': None, 'reason': None, 'reference_number': None}",False,,,rapajbLvBjSNdDEV3JrPtmMZop4LkzsBRQR4o,unresolved,
53,Ak0kqX4z9qsqB5pnaQd6fwQEJ9xnYYU6qOaa6,,2.99,,,,2020-09-30,USD,"{'address': None, 'city': None, 'country': None, 'lat': None, 'lon': None, 'postal_code': None, 'region': None, 'store_number': None}",,Amazon,other,"{'by_order_of': None, 'payee': None, 'payer': None, 'payment_method': None, 'payment_processor': None, 'ppd_id': None, 'reason': None, 'reference_number': None}",False,,,jKpKBOzPaBckRDboV3LBizjRZoOkaYCR6p6Py,unresolved,
55,Ak0kqX4z9qsqB5pnaQd6fwQEJ9xnYYU6qOaa6,,5.0,,,,2020-09-30,USD,"{'address': None, 'city': None, 'country': None, 'lat': None, 'lon': None, 'postal_code': None, 'region': None, 'store_number': None}",,SERVICE CHARGE,other,"{'by_order_of': None, 'payee': None, 'payer': None, 'payment_method': None, 'payment_processor': None, 'ppd_id': None, 'reason': None, 'reference_number': None}",False,,,0jOjVXwpNVUjBEozR04kIqpa4X3bJwHrwYwnn,unresolved,
56,Ak0kqX4z9qsqB5pnaQd6fwQEJ9xnYYU6qOaa6,,28.69,,,,2020-09-29,USD,"{'address': None, 'city': None, 'country': None, 'lat': None, 'lon': None, 'postal_code': None, 'region': None, 'store_number': None}",,Smart & Final,other,"{'by_order_of': None, 'payee': None, 'payer': None, 'payment_method': None, 'payment_processor': None, 'ppd_id': None, 'reason': None, 'reference_number': None}",False,,,4x6xRX1pgRtYmzoyre86u6OEJo07qBHk9V95v,unresolved,
57,Ak0kqX4z9qsqB5pnaQd6fwQEJ9xnYYU6qOaa6,,1.99,,,,2020-09-28,USD,"{'address': None, 'city': None, 'country': None, 'lat': None, 'lon': None, 'postal_code': None, 'region': None, 'store_number': None}",,Google,other,"{'by_order_of': None, 'payee': None, 'payer': None, 'payment_method': None, 'payment_processor': None, 'ppd_id': None, 'reason': None, 'reference_number': None}",False,,,a6R6NOYzQNtraLjvbDMOSNDBnvVrZxtZBQBkv,unresolved,
58,Ak0kqX4z9qsqB5pnaQd6fwQEJ9xnYYU6qOaa6,,27.68,,,,2020-09-26,USD,"{'address': None, 'city': None, 'country': None, 'lat': None, 'lon': None, 'postal_code': None, 'region': None, 'store_number': None}",,Asia Market,other,"{'by_order_of': None, 'payee': None, 'payer': None, 'payment_method': None, 'payment_processor': None, 'ppd_id': None, 'reason': None, 'reference_number': None}",False,,,xDXD8b3xZ8fdbyE5gD1nIp8qnJR3V0tMXEX0L,unresolved,
59,Ak0kqX4z9qsqB5pnaQd6fwQEJ9xnYYU6qOaa6,,43.29,,"['Shops', 'Computers and Electronics']",19013000,2020-09-26,USD,"{'address': None, 'city': None, 'country': None, 'lat': None, 'lon': None, 'postal_code': None, 'region': None, 'store_number': None}",,Best Buy,other,"{'by_order_of': None, 'payee': None, 'payer': None, 'payment_method': None, 'payment_processor': None, 'ppd_id': None, 'reason': None, 'reference_number': None}",False,,,8LPLXe3pzXfqKMYvR8mZiXzVRJMKZmIygwgey,place,
60,Ak0kqX4z9qsqB5pnaQd6fwQEJ9xnYYU6qOaa6,,25.94,,"['Shops', 'Supermarkets and Groceries']",19047000,2020-09-26,USD,"{'address': None, 'city': None, 'country': None, 'lat': None, 'lon': None, 'postal_code': None, 'region': None, 'store_number': None}",,Trader Joe's,other,"{'by_order_of': None, 'payee': None, 'payer': None, 'payment_method': None, 'payment_processor': None, 'ppd_id': None, 'reason': None, 'reference_number': None}",False,,,JMRMjpgzZjCjBV6rg03YINynR6EAr0tbd1dZ9,place,
61,Ak0kqX4z9qsqB5pnaQd6fwQEJ9xnYYU6qOaa6,,61.33,,,,2020-09-26,USD,"{'address': None, 'city': None, 'country': None, 'lat': None, 'lon': None, 'postal_code': None, 'region': None, 'store_number': None}",,el patron bar and gril,other,"{'by_order_of': None, 'payee': None, 'payer': None, 'payment_method': None, 'payment_processor': None, 'ppd_id': None, 'reason': None, 'reference_number': None}",False,,,ZgagMOYzrMs9YaLdjMo4TwJazn59DMuRwnwBb,unresolved,
62,Ak0kqX4z9qsqB5pnaQd6fwQEJ9xnYYU6qOaa6,,42.39,,,,2020-09-24,USD,"{'address': None, 'city': None, 'country': None, 'lat': None, 'lon': None, 'postal_code': None, 'region': None, 'store_number': None}",,#XX 933 FAIRFAX FAST 4800 F BAKERSFIELD CA Card 17 #8750,other,"{'by_order_of': None, 'payee': None, 'payer': None, 'payment_method': None, 'payment_processor': None, 'ppd_id': None, 'reason': None, 'reference_number': None}",False,,,5dLdQXPpgQfmpeYQgoZ4uJvLg8dqVwtB8Z8PN,unresolved,
63,Ak0kqX4z9qsqB5pnaQd6fwQEJ9xnYYU6qOaa6,,15.15,,['Payment'],16000000,2020-09-21,USD,"{'address': None, 'city': None, 'country': None, 'lat': None, 'lon': None, 'postal_code': None, 'region': None, 'store_number': None}",,Payment to Southern California Edison,other,"{'by_order_of': None, 'payee': None, 'payer': None, 'payment_method': None, 'payment_processor': None, 'ppd_id': None, 'reason': None, 'reference_number': None}",False,,,ojpjANdKaAUNLw9QX5vVtyNQ3kZbVpuBqvqeb,special,
64,Ak0kqX4z9qsqB5pnaQd6fwQEJ9xnYYU6qOaa6,,8.37,,['Payment'],16000000,2020-09-21,USD,"{'address': None, 'city': None, 'country': None, 'lat': None, 'lon': None, 'postal_code': None, 'region': None, 'store_number': None}",,Payment to Southern California Gas Company,other,"{'by_order_of': None, 'payee': None, 'payer': None, 'payment_method': None, 'payment_processor': None, 'ppd_id': None, 'reason': None, 'reference_number': None}",False,,,bLMLdpYzPdfBPD6w1oEkUeQ6jDm3BzFq3M3yg,special,
65,Ak0kqX4z9qsqB5pnaQd6fwQEJ9xnYYU6qOaa6,,40.0,,"['Transfer', 'Third Party', 'Venmo']",21010001,2020-09-19,USD,"{'address': None, 'city': None, 'country': None, 'lat': None, 'lon': None, 'postal_code': None, 'region': None, 'store_number': None}",,Venmo,other,"{'by_order_of': None, 'payee': None, 'payer': None, 'payment_method': None, 'payment_processor': None, 'ppd_id': None, 'reason': None, 'reference_number': None}",False,,,gBaB1OYLK1FPkR3Nm6gwfnyp9jYPE7HqP0PwM,special,
66,Ak0kqX4z9qsqB5pnaQd6fwQEJ9xnYYU6qOaa6,,59.74,,,,2020-09-19,USD,"{'address': None, 'city': None, 'country': None, 'lat': None, 'lon': None, 'postal_code': None, 'region': None, 'store_number': None}",,el patron bar and gril,other,"{'by_order_of': None, 'payee': None, 'payer': None, 'payment_method': None, 'payment_processor': None, 'ppd_id': None, 'reason': None, 'reference_number': None}",False,,,7616pXBeEptAowevgjpQigqe69vOrZiQXdXMz,unresolved,
68,Ak0kqX4z9qsqB5pnaQd6fwQEJ9xnYYU6qOaa6,,4.99,,,,2020-09-18,USD,"{'address': None, 'city': None, 'country': None, 'lat': None, 'lon': None, 'postal_code': None, 'region': None, 'store_number': None}",,Microsoft,other,"{'by_order_of': None, 'payee': None, 'payer': None, 'payment_method': None, 'payment_processor': None, 'ppd_id': None, 'reason': None, 'reference_number': None}",False,,,9DqDNXypENfr4pYRPmg0SV6APmKbyjIdEOEjy,unresolved,
69,Ak0kqX4z9qsqB5pnaQd6fwQEJ9xnYYU6qOaa6,,-2112.56,,,,2020-09-18,USD,"{'address': None, 'city': None, 'country': None, 'lat': None, 'lon': None, 'postal_code': None, 'region': None, 'store_number': None}",,Salary/Regular Income from DFAS,other,"{'by_order_of': None, 'payee': None, 'payer': None, 'payment_method': None, 'payment_processor': None, 'ppd_id': None, 'reason': None, 'reference_number': None}",False,,,OEXEJpYz7JuJEon5grvNC90wopkqLYI8EnEB5,unresolved,
70,Ak0kqX4z9qsqB5pnaQd6fwQEJ9xnYYU6qOaa6,,1000.0,,,,2020-09-18,USD,"{'address': None, 'city': None, 'country': None, 'lat': None, 'lon': None, 'postal_code': None, 'region': None, 'store_number': None}",,To Share 0001,other,"{'by_order_of': None, 'payee': None, 'payer': None, 'payment_method': None, 'payment_processor': None, 'ppd_id': None, 'reason': None, 'reference_number': None}",False,,,Vg8g7pYzP7s7V4dXkxJPSp1bqY5oZ3trgygAY,unresolved,
71,Ak0kqX4z9qsqB5pnaQd6fwQEJ9xnYYU6qOaa6,,39.76,,,,2020-09-17,USD,"{'address': None, 'city': None, 'country': None, 'lat': None, 'lon': None, 'postal_code': None, 'region': None, 'store_number': None}",,#XX 933 FAIRFAX FAST 4800 F BAKERSFIELD CA Card 17 #8750,other,"{'by_order_of': None, 'payee': None, 'payer': None, 'payment_method': None, 'payment_processor': None, 'ppd_id': None, 'reason': None, 'reference_number': None}",False,,,MgRgapVzjasa87J5LnkvSzjBxkyb4ACMrJrnw,unresolved,
72,Ak0kqX4z9qsqB5pnaQd6fwQEJ9xnYYU6qOaa6,,0.03,,,,2020-09-14,USD,"{'address': None, 'city': None, 'country': None, 'lat': None, 'lon': None, 'postal_code': None, 'region': None, 'store_number': None}",,Fee VISA INTERNATIONAL SERVICE ASSESSMENT Date Card 17 #8750,other,"{'by_order_of': None, 'payee': None, 'payer': None, 'payment_method': None, 'payment_processor': None, 'ppd_id': None, 'reason': None, 'reference_number': None}",False,,,EjRjKp8zQKUKa5ANL0DZiXZoyPgJjrIpR9R0v,unresolved,
73,Ak0kqX4z9qsqB5pnaQd6fwQEJ9xnYYU6qOaa6,,3.44,,"['Transfer', 'Debit']",21006000,2020-09-14,USD,"{'address': None, 'city': None, 'country': None, 'lat': None, 'lon': None, 'postal_code': None, 'region': None, 'store_number': None}",,Transfer to PayPal,other,"{'by_order_of': None, 'payee': None, 'payer': None, 'payment_method': None, 'payment_processor': None, 'ppd_id': None, 'reason': None, 'reference_number': None}",False,,,RgRg5XYz35s5xEqMB4rzTjbroQp0g5Cy7L7EP,special,
74,Ak0kqX4z9qsqB5pnaQd6fwQEJ9xnYYU6qOaa6,,10.0,,,,2020-09-13,USD,"{'address': None, 'city': None, 'country': None, 'lat': None, 'lon': None, 'postal_code': None, 'region': None, 'store_number': None}",,Splash & Dash Car Wash,other,"{'by_order_of': None, 'payee': None, 'payer': None, 'payment_method': None, 'payment_processor': None, 'ppd_id': None, 'reason': None, 'reference_number': None}",False,,,QgRgZpYzrZsZo7bBqOj9IaDN7Xpk3MUE171Bj,unresolved,
75,Ak0kqX4z9qsqB5pnaQd6fwQEJ9xnYYU6qOaa6,,40.0,,,,2020-09-11,USD,"{'address': None, 'city': None, 'country': None, 'lat': None, 'lon': None, 'postal_code': None, 'region': None, 'store_number': None}",,#XX 933 FAIRFAX FAST 4800 F BAKERSFIELD CA Card 17 #8750,other,"{'by_order_of': None, 'payee': None, 'payer': None, 'payment_method': None, 'payment_processor': None, 'ppd_id': None, 'reason': None, 'reference_number': None}",False,,,n0p0kNYyqkF0vdqb4BrXSdeg3QXYwLCAZEZP5,unresolved,
77,Ak0kqX4z9qsqB5pnaQd6fwQEJ9xnYYU6qOaa6,,2000.0,,,,2020-09-07,USD,"{'address': None, 'city': None, 'country': None, 'lat': None, 'lon': None, 'postal_code': None, 'region': None, 'store_number': None}",,To Share 0001,other,"{'by_order_of': None, 'payee': None, 'payer': None, 'payment_method': None, 'payment_processor': None, 'ppd_id': None, 'reason': None, 'reference_number': None}",False,,,prprvbwkXvfLx5dE84ANInMRNyEw5YHJoKoMy,unresolved,
78,Ak0kqX4z9qsqB5pnaQd6fwQEJ9xnYYU6qOaa6,,-1927.59,,,,2020-09-04,USD,"{'address': None, 'city': None, 'country': None, 'lat': None, 'lon': None, 'postal_code': None, 'region': None, 'store_number': None}",,Salary/Regular Income from DFAS,other,"{'by_order_of': None, 'payee': None, 'payer': None, 'payment_method': None, 'payment_processor': None, 'ppd_id': None, 'reason': None, 'reference_number': None}",False,,,XgagVpYzkVsV4OM8v7ZwFj9RK8ZgvxC4gJgvw,unresolved,
79,Ak0kqX4z9qsqB5pnaQd6fwQEJ9xnYYU6qOaa6,,38.92,,,,2020-09-03,USD,"{'address': None, 'city': None, 'country': None, 'lat': None, 'lon': None, 'postal_code': None, 'region': None, 'store_number': None}",,#XX 933 FAIRFAX FAST 4800 F BAKERSFIELD CA Card 17 #8750,other,"{'by_order_of': None, 'payee': None, 'payer': None, 'payment_method': None, 'payment_processor': None, 'ppd_id': None, 'reason': None, 'reference_number': None}",False,,,ePaPLOYwoLf1gqMDBdXQc7DwpmZ1jKcdO6OyQ,unresolved,
80,Ak0kqX4z9qsqB5pnaQd6fwQEJ9xnYYU6qOaa6,,9.99,,,,2020-09-03,USD,"{'address': None, 'city': None, 'country': None, 'lat': None, 'lon': None, 'postal_code': None, 'region': None, 'store_number': None}",,Youtube Premium,other,"{'by_order_of': None, 'payee': None, 'payer': None, 'payment_method': None, 'payment_processor': None, 'ppd_id': None, 'reason': None, 'reference_number': None}",False,,,NmRmxpOzZxIeLRkQgnADiEqMBkK9NYuRDADNz,unresolved,
81,Ak0kqX4z9qsqB5pnaQd6fwQEJ9xnYYU6qOaa6,,925.0,,"['Transfer', 'Withdrawal', 'Check']",21012001,2020-09-02,USD,"{'address': None, 'city': None, 'country': None, 'lat': None, 'lon': None, 'postal_code': None, 'region': None, 'store_number': None}",,CHECK # 1010,other,"{'by_order_of': None, 'payee': None, 'payer': None, 'payment_method': None, 'payment_processor': None, 'ppd_id': None, 'reason': None, 'reference_number': None}",False,,,Yg7gOeYzAOsAd79v0N5bi01Ey7zdOnHQOmOAR,special,
82,Ak0kqX4z9qsqB5pnaQd6fwQEJ9xnYYU6qOaa6,,64.99,,['Payment'],16000000,2020-09-02,USD,"{'address': None, 'city': None, 'country': None, 'lat': None, 'lon': None, 'postal_code': None, 'region': None, 'store_number': None}",,Payment to Spectrum,other,"{'by_order_of': None, 'payee': None, 'payer': None, 'payment_method': None, 'payment_processor': None, 'ppd_id': None, 'reason': None, 'reference_number': None}",False,,,zPdP5bK8g5f6kEOBZabzCj80qRQKgzCOrErp0,special,
83,Ak0kqX4z9qsqB5pnaQd6fwQEJ9xnYYU6qOaa6,,33.99,,,,2020-09-01,USD,"{'address': None, 'city': None, 'country': None, 'lat': None, 'lon': None, 'postal_code': None, 'region': None, 'store_number': None}",,#XX 933 FAIRFAX FAST 4800 F BAKERSFIELD CA Card 17 #8750,other,"{'by_order_of': None, 'payee': None, 'payer': None, 'payment_method': None, 'payment_processor': None, 'ppd_id': None, 'reason': None, 'reference_number': None}",False,,,mvpvKNY3mKConqd0kDyaS0pDeNzx76HMjpjoK,unresolved,
85,Ak0kqX4z9qsqB5pnaQd6fwQEJ9xnYYU6qOaa6,,400.0,,,,2020-09-01,USD,"{'address': None, 'city': None, 'country': None, 'lat': None, 'lon': None, 'postal_code': None, 'region': None, 'store_number': None}",,To Share 0001,other,"{'by_order_of': None, 'payee': None, 'payer': None, 'payment_method': None, 'payment_processor': None, 'ppd_id': None, 'reason': None, 'reference_number': None}",False,,,d1a16OYdo6TVgrLayxoeFJ46mX5V9BtbOZOzn,unresolved,
86,Ak0kqX4z9qsqB5pnaQd6fwQEJ9xnYYU6qOaa6,,5.0,,,,2020-08-31,USD,"{'address': None, 'city': None, 'country': None, 'lat': None, 'lon': None, 'postal_code': None, 'region': None, 'store_number': None}",,SERVICE CHARGE,other,"{'by_order_of': None, 'payee': None, 'payer': None, 'payment_method': None, 'payment_processor': None, 'ppd_id': None, 'reason': None, 'reference_number': None}",False,,,wLpLJbBa5JfQLZNzoXvyhbMEzjrB5pHLNANmA,unresolved,
87,Ak0kqX4z9qsqB5pnaQd6fwQEJ9xnYYU6qOaa6,,0.11,,,,2020-08-29,USD,"{'address': None, 'city': None, 'country': None, 'lat': None, 'lon': None, 'postal_code': None, 'region': None, 'store_number': None}",,Fee VISA INTERNATIONAL SERVICE ASSESSMENT Date Card 17 #8750,other,"{'by_order_of': None, 'payee': None, 'payer': None, 'payment_method': None, 'payment_processor': None, 'ppd_id': None, 'reason': None, 'reference_number': None}",False,,,6wDwnXqpQnCMAVY0EO5XhP83wp1dYOHaR7RQe,unresolved,
88,Ak0kqX4z9qsqB5pnaQd6fwQEJ9xnYYU6qOaa6,,10.99,,,,2020-08-29,USD,"{'address': None, 'city': None, 'country': None, 'lat': None, 'lon': None, 'postal_code': None, 'region': None, 'store_number': None}",,Jagex.com,other,"{'by_order_of': None, 'payee': None, 'payer': None, 'payment_method': None, 'payment_processor': None, 'ppd_id': None, 'reason': None, 'reference_number': None}",False,,,LMRM4N9zn4C4RVqn9JKoCVYAjxp3D1I0gzgkw,digital,
89,Ak0kqX4z9qsqB5pnaQd6fwQEJ9xnYYU6qOaa6,,62.62,,"['Travel', 'Gas Stations']",22009000,2020-08-27,USD,"{'address': None, 'city': None, 'country': None, 'lat': None, 'lon': None, 'postal_code': None, 'region': None, 'store_number': None}",,Chevron,other,"{'by_order_of': None, 'payee': None, 'payer': None, 'payment_method': None, 'payment_processor': None, 'ppd_id': None, 'reason': None, 'reference_number': None}",False,,,D0R0ypJzDyFy4PKxYgLvsmPxyowEjvsZbkbjD,place,
90,Ak0kqX4z9qsqB5pnaQd6fwQEJ9xnYYU6qOaa6,,39.88,,,,2020-08-25,USD,"{'address': None, 'city': None, 'country': None, 'lat': None, 'lon': None, 'postal_code': None, 'region': None, 'store_number': None}",,#XX 933 FAIRFAX FAST 4800 F BAKERSFIELD CA Card 17 #8750,other,"{'by_order_of': None, 'payee': None, 'payer': None, 'payment_method': None, 'payment_processor': None, 'ppd_id': None, 'reason': None, 'reference_number': None}",False,,,1rJrOX6pxOfX8ZYyPEaQF7dpNY4gA6cmNkNMX,unresolved,
91,Ak0kqX4z9qsqB5pnaQd6fwQEJ9xnYYU6qOaa6,,-103.5,,,,2020-08-25,USD,"{'address': None, 'city': None, 'country': None, 'lat': None, 'lon': None, 'postal_code': None, 'region': None, 'store_number': None}",,XX0000 TYPE: FED PAYMNT CO: XX0000 ACH ECC,other,"{'by_order_of': None, 'payee': None, 'payer': None, 'payment_method': 'ACH', 'payment_processor': None, 'ppd_id': None, 'reason': None, 'reference_number': None}",False,,,PgRg8pYzq8s8p7RXPq0eiEd84RejvzumPzPvV,special,
92,Ak0kqX4z9qsqB5pnaQd6fwQEJ9xnYYU6qOaa6,,33.12,,,,2020-08-24,USD,"{'address': None, 'city': None, 'country': None, 'lat': None, 'lon': None, 'postal_code': None, 'region': None, 'store_number': None}",,Shoyu Sushi,other,"{'by_order_of': None, 'payee': None, 'payer': None, 'payment_method': None, 'payment_processor': None, 'ppd_id': None, 'reason': None, 'reference_number': None}",False,,,q4p40b6A90HLx5jRpE1vIvMrdk56gRtJpKpwd,unresolved,
93,Ak0kqX4z9qsqB5pnaQd6fwQEJ9xnYYU6qOaa6,,48.78,,,,2020-08-21,USD,"{'address': None, 'city': None, 'country': None, 'lat': None, 'lon': None, 'postal_code': None, 'region': None, 'store_number': None}",,#XX 933 FAIRFAX FAST 4800 F BAKERSFIELD CA Card 17 #8750,other,"{'by_order_of': None, 'payee': None, 'payer': None, 'payment_method': None, 'payment_processor': None, 'ppd_id': None, 'reason': None, 'reference_number': None}",False,,,BAjABXaz0BsBY7kvyzwQU43zpndAmrI9EKEyX,unresolved,
94,Ak0kqX4z9qsqB5pnaQd6fwQEJ9xnYYU6qOaa6,,8.1,,['Payment'],16000000,2020-08-21,USD,"{'address': None, 'city': None, 'country': None, 'lat': None, 'lon': None, 'postal_code': None, 'region': None, 'store_number': None}",,Payment to Southern California Edison,other,"{'by_order_of': None, 'payee': None, 'payer': None, 'payment_method': None, 'payment_processor': None, 'ppd_id': None, 'reason': None, 'reference_number': None}",False,,,y1p1ZbyJVZTwkK9nRN1xhqMPj0oyb7HOZ5ZEB,special,
95,Ak0kqX4z9qsqB5pnaQd6fwQEJ9xnYYU6qOaa6,,8.23,,['Payment'],16000000,2020-08-21,USD,"{'address': None, 'city': None, 'country': None, 'lat': None, 'lon': None, 'postal_code': None, 'region': None, 'store_number': None}",,Payment to Southern California Gas Company,other,"{'by_order_of': None, 'payee': None, 'payer': None, 'payment_method': None, 'payment_processor': None, 'ppd_id': None, 'reason': None, 'reference_number': None}",False,,,3awaEXDpzESoM0YnLmJbS104vKm9L7CKyNy6y,special,
96,Ak0kqX4z9qsqB5pnaQd6fwQEJ9xnYYU6qOaa6,,-1939.94,,,,2020-08-21,USD,"{'address': None, 'city': None, 'country': None, 'lat': None, 'lon': None, 'postal_code': None, 'region': None, 'store_number': None}",,Salary/Regular Income from DFAS,other,"{'by_order_of': None, 'payee': None, 'payer': None, 'payment_method': None, 'payment_processor': None, 'ppd_id': None, 'reason': None, 'reference_number': None}",False,,,KgNgrY7zKrsr07vAweygSAJwyopB7KTQwPwMg,unresolved,
97,Ak0kqX4z9qsqB5pnaQd6fwQEJ9xnYYU6qOaa6,,-103.5,,,,2020-08-21,USD,"{'address': None, 'city': None, 'country': None, 'lat': None, 'lon': None, 'postal_code': None, 'region': None, 'store_number': None}",,XX0000 TYPE: FED PAYMNT CO: XX0000 ACH ECC,other,"{'by_order_of': None, 'payee': None, 'payer': None, 'payment_method': 'ACH', 'payment_processor': None, 'ppd_id': None, 'reason': None, 'reference_number': None}",False,,,kkpk3OYqo3spB1kbKy0dSPZoD1rpymHRO8OLy,special,
98,Ak0kqX4z9qsqB5pnaQd6fwQEJ9xnYYU6qOaa6,,29.53,,,,2020-08-17,USD,"{'address': None, 'city': None, 'country': None, 'lat': None, 'lon': None, 'postal_code': None, 'region': None, 'store_number': None}",,#XX 933 FAIRFAX FAST 4800 F BAKERSFIELD CA Card 17 #8750,other,"{'by_order_of': None, 'payee': None, 'payer': None, 'payment_method': None, 'payment_processor': None, 'ppd_id': None, 'reason': None, 'reference_number': None}",False,,,Ak0kqX4z9qsqB5pnaQdviqE8AVKydaH6DLDRE,unresolved,
